hid,rid,nombre_hotel,direccion,telefono,descripcion_hotel,estrellas
0,0,Hotel Industrias Altamirano y Galarza,Callejón Mónaco 898 Interior 236,56929812651,Totam adipisci minima a. Molestias sequi libero.,3
1,0,Hotel Barela-Almanza,"Peatonal Puebla 091 Edif. 961 , Depto. 549",56977849487,Accusamus maxime sapiente mollitia iusto. Dolor fugiat iusto ratione ipsam.,5
2,0,Hotel Girón-Navarro A.C.,"Calzada Colombia 562 Edif. 348 , Depto. 575",56963344730,Veniam esse error eligendi similique. Quas non nemo natus.,1
3,0,"Hotel Corporacin Adame, Ceballos y Nazario",Boulevard Godoy 928 463,56966786806,Quia sunt ad consequuntur. Quaerat neque rerum.,2
4,0,Hotel Alemán-Olivas,"Circunvalación Arredondo 580 Edif. 580 , Depto. 707",56949866616,Nemo temporibus quasi. Eum maiores magnam ipsa recusandae vitae. Sapiente reprehenderit fugiat maiores porro velit accusamus.,4
5,0,"Hotel Club Valdez, Pichardo y Guevara",Callejón Tlaxcala 045 097,56931515941,Necessitatibus dignissimos eaque quibusdam. Nobis quis ipsam voluptates earum. Tenetur voluptas nostrum mollitia optio aliquam culpa.,3
6,0,Hotel Mata y Perales e Hijos,"Callejón Morelos 183 Edif. 080 , Depto. 764",56936240948,Nihil vel aliquam modi sit repellat doloremque officia.,3
7,0,"Hotel Casas, Paz y Iglesias",Privada Oaxaca 116 697,56928376408,Reiciendis non porro repellendus minus necessitatibus. Cumque similique magnam voluptatem voluptatum ea veritatis.,5
8,0,Hotel Angulo-Jaimes S.C.,"Boulevard Acevedo 363 Edif. 224 , Depto. 071",56938726680,Et voluptatibus iure sapiente ex reiciendis. Atque et voluptatem odit occaecati. Soluta eos laudantium odio iste fuga minus.,3
9,0,Hotel Industrias Robles-Rubio,Privada Chiapas 531 Interior 710,56949777879,Repellat est numquam voluptas repudiandae. Facilis fuga dolor. Porro culpa maiores quisquam non.,3
10,0,Hotel Archuleta y Caraballo S.A. de C.V.,Periférico Sur Orellana 103 649,56903427420,Magnam porro possimus vitae doloremque beatae nihil alias. Nulla amet eligendi rerum quis. Necessitatibus corporis ab dignissimos neque.,1
11,0,Hotel Zapata-Delgado y Asociados,Circuito Razo 499 Interior 353,56960686587,Sint quis pariatur repellendus quibusdam sapiente. Ipsa voluptatibus iure numquam ipsam earum reiciendis.,2
12,0,Hotel Rivera y Covarrubias A.C.,Calzada San Marino 421 Interior 211,56979652146,Sunt corporis eaque provident. Reprehenderit nisi eos asperiores accusantium.,4
13,0,Hotel Despacho Guerra y Alcala,Eje vial Oquendo 181 943,56984714758,Voluptatum animi laudantium iusto quidem modi. Facilis sit iste quibusdam vero maxime.,2
14,0,"Hotel Industrias Ramos, Vargas y Campos",Circuito Limón 936 230,56929367256,Totam nobis ut magnam reiciendis. Dolorum unde dolore possimus atque mollitia a.,2
15,0,"Hotel Proyectos Sisneros, Bueno y Mota",Diagonal Malasia 238 Interior 070,56980421394,Excepturi optio dicta explicabo laboriosam. Labore accusantium ratione. Voluptatibus ullam deleniti neque unde.,2
16,0,Hotel Alba-Aranda,Avenida Villanueva 471 Interior 705,56963051758,Recusandae ipsum omnis libero. Possimus repellat occaecati deleniti.,1
17,0,Hotel Altamirano y Arguello S. R.L. de C.V.,Avenida Belice 104 615,56954040620,Molestiae quaerat eligendi est error repellendus incidunt.,5
18,0,Hotel Proyectos Leal y Hidalgo,"Circuito Quintana Roo 816 Edif. 780 , Depto. 923",56944981095,Iusto nostrum exercitationem odit repudiandae dolorum modi. Sint enim reiciendis repellendus. Voluptatem odio enim quod.,1
19,0,Hotel Orta y Romero y Asociados,"Boulevard El Salvador 674 Edif. 108 , Depto. 886",56966832703,Est veritatis dolorum rem aliquid recusandae. Velit accusantium quia quibusdam odit accusantium nobis a. Odio iusto possimus odit.,4
20,0,Hotel Angulo y Alcala S.A.,Periférico Bolivia 195 Interior 166,56997643116,Odio similique illum deleniti dolor. Inventore ullam quia distinctio aliquam non.,3
21,0,Hotel Jaimes y Cardona A.C.,Avenida Norte de la Rosa 251 472,56962013398,Nemo assumenda quaerat corporis quo itaque. Nulla distinctio deserunt aut. Molestiae architecto impedit.,2
22,0,Hotel Club Perales-Concepción,Retorno Hidalgo 245 Interior 592,56999647675,Suscipit modi doloribus facilis ex sed quia ducimus. Vero autem facere non provident veritatis eius. Rerum optio alias mollitia.,5
23,0,Hotel Grupo Terrazas-Ortiz,Prolongación Turkmenistán 762 231,56902420959,Eveniet numquam corrupti incidunt dolore sit. Eius nemo reprehenderit recusandae voluptates perspiciatis. Aliquam quo magnam repellendus soluta aperiam.,3
24,0,Hotel Salinas S.A.,"Circuito Oaxaca 850 Edif. 955 , Depto. 821",56956301315,Fuga suscipit occaecati labore. Officiis sapiente deleniti officiis ratione mollitia ut.,4
25,1,Hotel Serrano-Jasso y Asociados,"Circuito República Democrática Popular Lao 215 Edif. 458 , Depto. 882",56988052519,Nisi exercitationem maxime asperiores fugit. Ipsum distinctio ducimus delectus provident neque. Optio nobis a aspernatur quasi.,2
26,1,Hotel Laboratorios Ramos y Echeverría,Boulevard Norte Badillo 645 Interior 072,56963413003,Cumque facilis quisquam minus. Sapiente consequuntur nobis adipisci reprehenderit ipsa fugit.,5
27,1,Hotel Grupo Crespo y Serna,Circuito Sanabria 104 049,56948794632,Quidem ipsa quasi ipsum. Quidem nobis ad illo. Repellat molestias laborum minima repudiandae.,5
28,1,Hotel Marrero y Rivas S. R.L. de C.V.,Circuito Flórez 919 843,56936279806,Quibusdam amet consequuntur soluta enim. Qui ratione nostrum aliquid. Quos eveniet totam.,5
29,1,Hotel Zelaya y Jiménez y Asociados,"Privada Luxemburgo 142 Edif. 353 , Depto. 299",56914606336,Omnis possimus a repellat. Temporibus id iste.,3
30,1,Hotel Corporacin Salas-Esquibel,Prolongación Irlanda 743 Interior 567,56918999261,Pariatur officia tempora hic necessitatibus cum. Quidem quos quod eligendi accusamus ipsa. Cum odit eveniet quasi. Unde repellendus et tenetur.,2
31,1,"Hotel Cordero, Nava y Anguiano","Calzada Norte Sánchez 382 Edif. 662 , Depto. 657",56958007567,Provident officiis ad rerum dignissimos dolores. Placeat recusandae expedita porro nam.,2
32,1,Hotel Grupo Zúñiga-Mateo,Ampliación Norte Caballero 163 245,56995193832,Unde excepturi praesentium. Eius voluptatem fugit repellendus.,1
33,1,Hotel Club Vázquez y Rodrígez,Callejón Alonzo 664 390,56982880783,Esse distinctio sequi accusantium debitis facere. Maxime inventore tempore adipisci.,3
34,1,Hotel Roybal-Peña e Hijos,"Viaducto Chihuahua 512 Edif. 054 , Depto. 515",56936537721,Non itaque ipsa nemo. Hic reprehenderit non alias cupiditate.,3
35,1,Hotel Ruelas S.C.,"Continuación Barela 286 Edif. 898 , Depto. 964",56960984291,Possimus placeat eligendi voluptate. Maxime ab rem soluta laborum velit assumenda aperiam.,1
36,1,Hotel Camacho S. R.L. de C.V.,"Avenida Alarcón 367 Edif. 468 , Depto. 264",56992159205,Quas similique vel quae. Pariatur sapiente debitis deleniti cum dignissimos accusantium quidem. Sint nobis neque ea qui.,3
37,1,"Hotel Club Solorio, Tovar y Soto",Calzada Países Bajos 745 Interior 478,56948543603,Laborum delectus rem qui dolores. Ut quia dignissimos debitis cupiditate voluptas.,1
39,1,Hotel Padrón-Moya,Corredor Yucatán 515 741,56950756427,Sint velit est at perspiciatis vero id fugit. Sint ex quisquam. Impedit expedita officiis incidunt fugit id a soluta.,1
38,1,Hotel Ledesma S.A.,Peatonal Serna 063 176,56969682198,Nam maxime cupiditate numquam saepe maiores dicta consequatur. Fugiat cupiditate saepe iure veniam maxime.,2
40,1,"Hotel Esparza, Pulido y Bétancourt",Boulevard Sur Roque 456 Interior 877,56940032380,Dolor magnam accusamus. Mollitia adipisci corrupti ea consectetur molestiae in tempora.,4
41,1,"Hotel Velázquez, Gurule y Delgado","Privada Guerrero 590 Edif. 354 , Depto. 697",56967767066,Sed sunt impedit sit voluptates ab. Ratione commodi accusamus dicta. Ipsam labore sapiente. Esse soluta amet dolor recusandae eaque dicta.,4
42,1,Hotel Palacios-Palacios S.A.,Circunvalación Sur Zapata 603 Interior 358,56949209593,Doloribus nemo molestias voluptates eveniet. Ullam doloremque qui laborum vero. Aut autem ea odio architecto cupiditate.,5
43,1,Hotel Club Tejada-Medrano,Peatonal Tlaxcala 127 Interior 094,56917871095,Numquam quod laudantium. Voluptate deserunt dolores quo qui tempore at.,1
44,1,"Hotel Marroquín, Saldivar y Griego",Circuito Israel 004 466,56932322018,Officiis earum porro eveniet. Impedit qui officia rerum optio maiores.,3
45,1,"Hotel Corporacin Ornelas, Amaya y Navarrete",Privada Gómez 494 Interior 494,56912328356,Ipsa occaecati iste atque quod. Error molestiae odit dolor reiciendis ratione laudantium alias.,5
46,1,Hotel Carrión S.C.,Peatonal Paz 238 Interior 719,56938646909,Quasi quisquam ipsam ex in fugit. Consectetur temporibus exercitationem excepturi.,5
47,1,Hotel Menchaca y Montenegro S.C.,Corredor Guanajuato 673 781,56974273882,Porro cupiditate consequatur quasi. Explicabo eos commodi commodi velit quidem.,4
48,1,Hotel Laboratorios Casillas-Castro,Ampliación San Luis Potosí 088 Interior 402,56942854927,Quaerat harum accusamus similique molestias voluptatum placeat. Occaecati magni deserunt doloribus amet aliquid.,5
49,1,Hotel Nevárez y Pizarro S. R.L. de C.V.,Circunvalación Blanco 797 Interior 200,56914222029,Assumenda magnam magnam assumenda aut. Sed odit sed adipisci. Possimus expedita unde quo quod. Illo nesciunt necessitatibus a.,3
50,2,"Hotel Club Delgado, Garay y Galarza",Continuación Norte Garay 308 Interior 123,56907475416,Modi cum sed dignissimos dicta ratione provident. Consectetur ducimus qui facilis. Similique eveniet a laudantium corporis facilis facere.,1
51,2,Hotel Casanova e Hijos,Viaducto Sur Amaya 086 230,56941069387,Dolorem fuga ex odio asperiores. Ducimus reiciendis dolorum rerum libero sequi. Expedita accusantium hic incidunt recusandae recusandae.,4
52,2,"Hotel Grupo Hernández, Salgado y Anguiano",Calzada Sur Vega 941 056,56954664465,Amet deserunt rerum doloribus autem molestiae et. Nostrum quaerat quidem nemo repellat atque. Provident nulla aut odit quod. Autem dolores inventore ex est.,2
53,2,Hotel Sisneros y Asociados,Callejón Sur Heredia 840 Interior 003,56929961042,Explicabo fugit eaque esse. Tenetur eum eos nemo consequuntur recusandae distinctio tenetur. Autem est dolor molestias aperiam.,3
54,2,Hotel Navarrete-Limón S.C.,"Circunvalación Norte Viera 536 Edif. 399 , Depto. 621",56953190925,Sapiente quae ex temporibus quaerat. Quas eligendi autem natus error iusto.,5
55,2,Hotel Cuellar y de León S. R.L. de C.V.,Calzada Malawi 759 Interior 720,56982715867,Quod sunt magni ab. Id officiis nobis aperiam reiciendis dolore praesentium.,1
56,2,"Hotel Despacho Alcala, Córdova y Pichardo",Pasaje Norte Ureña 945 Interior 253,56955747490,Animi aliquid vero non. Ipsa accusamus rerum in aperiam. Ex placeat placeat id animi.,1
57,2,"Hotel Proyectos Espinosa, Puente y Olvera",Circuito Egipto 799 046,56940891536,Rem quisquam nisi eaque voluptate.,2
58,2,Hotel Lomeli S. R.L. de C.V.,"Boulevard Tamayo 317 Edif. 431 , Depto. 193",56916880554,Alias sunt ea eaque totam corrupti. Quasi inventore eum esse cum. Itaque dolore labore eaque.,5
59,2,Hotel Ocasio S.C.,Callejón Otero 520 Interior 259,56909698649,Repellendus officia recusandae ab id. Ab minus sit perferendis amet a. Perspiciatis nobis expedita rerum odit.,1
60,2,Hotel Saldaña e Hijos,Corredor Sur Villegas 451 Interior 108,56975365656,Possimus fuga rem magnam. Corrupti aliquam rerum. Libero ex quas aliquid.,2
61,2,Hotel Blanco y Asociados,"Prolongación Esparza 739 Edif. 459 , Depto. 505",56999757668,Explicabo perspiciatis ducimus commodi minus itaque expedita. Libero cupiditate repudiandae eveniet explicabo tempora totam.,4
62,2,Hotel Despacho Soliz y Palomino,Retorno Eritrea 041 227,56975449310,Adipisci asperiores quae impedit nemo deleniti quasi. Dignissimos nisi numquam ipsam nisi earum perspiciatis quo.,2
63,2,"Hotel Calvillo, Iglesias y Quintana","Continuación Ybarra 425 Edif. 616 , Depto. 937",56998003445,Eum blanditiis alias corporis tempora ab velit. Excepturi sint nemo possimus.,5
64,2,"Hotel Industrias Leal, de la O y Garza","Andador Norte Romero 834 Edif. 363 , Depto. 139",56929860258,Excepturi esse molestias vitae amet. Nulla maxime nihil quas occaecati a dolores magni. Sint occaecati eaque earum quas voluptates. Perferendis magni rem dignissimos animi excepturi.,2
65,2,Hotel Pérez-Rivas,"Pasaje Manzanares 354 Edif. 746 , Depto. 967",56943839782,Quibusdam quam quam quas. Reprehenderit dolores ea.,4
66,2,Hotel Ureña-Beltrán,Callejón Estonia 663 Interior 867,56984463579,Magni magni natus doloribus eum tempora autem mollitia. Omnis eos explicabo maiores. Expedita corrupti dolore eaque quis ratione maiores.,2
67,2,Hotel Cotto-Méndez S. R.L. de C.V.,Corredor Quiñónez 138 387,56916788880,Maiores voluptas adipisci exercitationem. Illum provident suscipit esse quae enim rem accusamus. Pariatur amet quasi unde. Perferendis ea quia quos expedita.,1
68,2,Hotel Proyectos Abrego-Blanco,Eje vial San Luis Potosí 695 498,56994590435,Odit provident voluptate placeat non repellat. Maiores soluta tempora laudantium culpa itaque. Ab officia doloremque fugit laudantium.,2
69,2,Hotel de la Fuente-Bétancourt A.C.,"Retorno Ordóñez 007 Edif. 610 , Depto. 490",56919197313,Nesciunt explicabo accusantium aspernatur id fuga blanditiis. Excepturi tempore vitae aliquid provident optio et.,5
70,2,Hotel Maldonado y Orozco S.A. de C.V.,Pasaje Tafoya 333 Interior 688,56995703962,Culpa corporis quisquam voluptatem voluptas consectetur blanditiis. Nesciunt culpa quo mollitia suscipit. Corporis voluptate ratione suscipit.,1
71,2,"Hotel Laboratorios Zaragoza, Cantú y Quiroz",Circunvalación Tabasco 776 114,56939123645,Repellat repellendus sequi nobis quidem atque molestias. Debitis molestiae quasi maxime cum officiis.,5
72,2,Hotel Estévez e Hijos,"Circunvalación Afganistán 014 Edif. 366 , Depto. 786",56957088587,Dignissimos pariatur quibusdam accusamus. Mollitia ipsum nisi cumque mollitia corrupti.,3
73,2,"Hotel Venegas, Arteaga y Rangel",Circunvalación Norte Ferrer 779 508,56962333932,Voluptatibus iusto quibusdam nobis magni eaque voluptate.,1
74,2,Hotel Industrias Marín y Murillo,Corredor Belice 303 Interior 281,56986071600,Qui minus dolorum. Atque ea quae quasi porro aliquam quidem. Nobis illum inventore rerum. A officia repudiandae nam quisquam ipsam odio.,1
75,3,"Hotel Ureña, Echeverría y Rosario",Peatonal Norte Lucero 737 Interior 456,56999665905,Officiis quo in debitis deleniti fuga atque. Officiis mollitia temporibus animi asperiores odit et nam. Dolore totam deserunt doloremque voluptates quam.,1
76,3,Hotel Velázquez S.C.,Calle Palacios 969 Interior 426,56968946570,Officiis numquam at sint quidem reprehenderit numquam officiis. Magnam dolorum nisi vel accusamus.,2
77,3,Hotel Alba-Figueroa,Calzada Sur Salazar 094 Interior 727,56989347179,Illum perferendis reprehenderit inventore.,3
78,3,"Hotel Sierra, Fierro y Guillen","Diagonal Arriaga 922 Edif. 498 , Depto. 286",56912653771,Tempore sed optio corporis. Deserunt fugit voluptatem et labore.,4
79,3,"Hotel Club Escalante, Linares y García","Calle Puebla 999 Edif. 907 , Depto. 985",56992964804,Placeat sunt iste nihil quae ullam numquam.,3
80,3,Hotel Negrón-Amador S. R.L. de C.V.,"Prolongación Oaxaca 808 Edif. 162 , Depto. 024",56929837060,Et nam consectetur est voluptatum consequatur explicabo accusantium. Enim consectetur iusto est dicta numquam.,3
81,3,Hotel Perales-Garibay S.A. de C.V.,"Boulevard Ecuador 189 Edif. 346 , Depto. 308",56963868753,Illum dolorem praesentium minus consequatur cupiditate doloremque.,2
82,3,Hotel Manzanares S.A. de C.V.,Callejón Sur Caldera 125 Interior 247,56959799290,Sequi magni illum quos. Porro earum corrupti aliquid tenetur.,3
83,3,Hotel Industrias Meraz-Valenzuela,Calzada Norte Bañuelos 990 Interior 428,56965151730,Similique accusantium rem laudantium amet quis labore. Ipsum reprehenderit possimus fuga odio nihil dolorem et.,1
84,3,Hotel Guerrero y Barajas y Asociados,Ampliación Nuevo León 528 171,56992273296,Pariatur doloribus dolorum et perferendis ipsam. Dolore dolore magnam ea molestias similique. In sint odit aliquid corrupti numquam vitae.,5
85,3,"Hotel Saldaña, Mendoza y Rael","Prolongación Quintana Roo 425 Edif. 523 , Depto. 961",56959041536,Porro et iusto cumque. Nulla ea officiis voluptas similique temporibus numquam.,5
86,3,"Hotel Almanza, Villareal y Raya",Continuación Montemayor 153 961,56908600068,Ipsum odit voluptas incidunt perferendis earum tempora velit.,3
87,3,Hotel Corral y Muñiz e Hijos,Ampliación Norte Esquibel 231 622,56934530618,Corrupti amet dolores fugiat magni vitae sed. Doloribus voluptatum hic.,5
88,3,Hotel Amaya y Alba y Asociados,Pasaje Letonia 149 841,56908777632,Similique animi suscipit. Modi reiciendis excepturi maxime quisquam. Tempore accusamus soluta harum a maxime.,5
89,3,"Hotel Villaseñor, Casares y Ulloa","Cerrada Namibia 389 Edif. 591 , Depto. 012",56905088388,Dignissimos ratione cum. Tempore est praesentium iusto.,4
90,3,Hotel Guerrero-Chacón S.A. de C.V.,Cerrada Escamilla 497 796,56955856744,Quae quo quas nemo harum. Repudiandae maiores illo. Incidunt nam ad harum. Occaecati qui eaque facilis sit natus.,2
91,3,Hotel Salcedo-Linares S. R.L. de C.V.,Corredor Sur Gurule 327 Interior 109,56997088822,Nemo quaerat quidem. Quam rerum rerum earum architecto cum magnam. Temporibus beatae temporibus corporis ipsam.,4
92,3,Hotel de la Fuente-Valadez e Hijos,Retorno Aguascalientes 674 442,56955332668,Voluptatem eligendi beatae eius qui. Placeat suscipit quos aut. Possimus quas assumenda voluptates in excepturi officia.,2
93,3,Hotel Hernández-Soto,"Calzada Tlaxcala 584 Edif. 660 , Depto. 854",56930768414,Quisquam soluta voluptate architecto fuga velit modi. Ipsam velit incidunt. Non quod doloremque eligendi dolorem laudantium.,2
94,3,"Hotel Corporacin Lemus, Roldán y Baeza",Calzada Niño 415 Interior 004,56923932977,Ratione itaque id nobis.,1
95,3,Hotel Ortiz e Hijos,Andador España 722 Interior 855,56977344784,Aut perferendis alias vero quo ipsum perspiciatis. Qui alias sit ullam optio vero unde. Aut at corporis commodi ea qui.,4
96,3,Hotel Pichardo-Aragón e Hijos,"Prolongación Norte Pabón 369 Edif. 481 , Depto. 880",56918346583,Atque illum aliquam odit nostrum. Itaque at nobis quaerat nam ducimus.,5
97,3,Hotel Valverde y Alcántar S.A. de C.V.,Prolongación Ureña 045 Interior 187,56984582539,Debitis hic veniam aperiam. Enim voluptate beatae possimus amet assumenda expedita. Harum ipsam quas maxime.,3
98,3,"Hotel Corporacin Rivero, Barraza y Arenas","Callejón Caraballo 698 Edif. 505 , Depto. 810",56994227864,Consectetur tempore eaque aut velit reprehenderit fugiat itaque. Totam debitis voluptates quaerat reprehenderit repudiandae saepe. Facere totam fugiat.,3
99,3,Hotel Velásquez A.C.,Periférico Colima 615 Interior 495,56911614593,Aperiam occaecati laudantium rerum dicta quibusdam. Deleniti quia praesentium laboriosam cum aspernatur.,3
100,4,Hotel Orta S.A.,"Calzada Guerrero 325 Edif. 427 , Depto. 478",56997756414,Laborum dolore fugit quam veniam ipsa praesentium. Explicabo architecto amet vero voluptatum porro.,1
101,4,"Hotel Proyectos Bahena, Lucio y Olivo",Boulevard Norte Bétancourt 889 Interior 052,56990696526,Dolorum repellendus saepe officia. Aperiam quo neque id tempora suscipit.,5
102,4,"Hotel Rolón, Olmos y Pedraza",Circunvalación Mondragón 695 191,56968258153,Commodi totam numquam sunt ducimus consequatur alias totam. Corrupti minus dicta officia. Fugiat suscipit perspiciatis voluptate quod.,1
103,4,Hotel Barragán y Echeverría S.C.,"Continuación Oaxaca 205 Edif. 874 , Depto. 613",56907494129,Vitae ad architecto non nihil. Harum recusandae est quidem expedita consectetur sequi.,1
104,4,Hotel Ayala y Estévez S.A.,Callejón Zayas 803 308,56912360538,Optio veniam officia esse. Recusandae hic non enim.,4
105,4,Hotel Caldera-Alba S.C.,Cerrada Berríos 044 Interior 590,56924410249,Dolorem fugit impedit maxime itaque fugit. Odit culpa magni architecto. Deleniti laudantium illo molestiae.,5
106,4,Hotel Club Echeverría-Ponce,"Calle Serbia 751 Edif. 671 , Depto. 891",56935622282,Odio omnis blanditiis vel molestias. Accusamus aspernatur velit nostrum maxime eos minus ratione. Ullam dolore sint velit consequuntur.,5
107,4,Hotel Industrias Arce-Estévez,Calzada Chihuahua 282 874,56995164757,Illum ipsam accusantium accusamus perspiciatis. Tenetur exercitationem provident illo. Distinctio dignissimos ipsa quia voluptates.,2
108,4,Hotel Despacho Ybarra y de la Fuente,"Cerrada Côte d'Ivoire 743 Edif. 735 , Depto. 354",56903416146,Error nesciunt saepe mollitia autem labore veritatis iste. Eius dolorum quia unde nostrum.,5
109,4,Hotel Laboratorios Tafoya y Samaniego,"Circuito Chihuahua 568 Edif. 185 , Depto. 607",56939189235,Quidem nostrum at dolorem atque praesentium. Doloremque totam laboriosam nesciunt ducimus enim unde. Necessitatibus aspernatur a quas magnam. Vero autem exercitationem non quo sunt est cupiditate.,3
110,4,"Hotel Industrias Ordóñez, Zambrano y Ayala",Calzada Sánchez 087 Interior 608,56953576112,Natus provident vitae ab ratione. Debitis delectus ad reprehenderit.,4
111,4,Hotel Ávila-Adame S.A.,Ampliación Seychelles 304 570,56925354849,Deleniti nulla sit recusandae est laudantium ullam.,3
112,4,Hotel Proyectos Alvarez-Luevano,"Calle Michoacán de Ocampo 981 Edif. 476 , Depto. 435",56983964657,Quisquam totam facere iure corporis. Sequi praesentium ipsum repellat. Sapiente impedit enim quas accusamus reiciendis velit.,3
113,4,"Hotel Porras, Castro y Méndez",Periférico Norte de la Fuente 180 Interior 912,56933011697,Facilis dicta fugit consequuntur fuga animi facere consequatur. Nulla ullam mollitia nihil corporis.,5
114,4,Hotel Partida-Orta,"Avenida Merino 852 Edif. 478 , Depto. 669",56977516287,Maxime accusantium facere maiores. Nostrum deserunt eos quidem.,5
115,4,Hotel Vaca-Cuellar e Hijos,Calzada Hidalgo 644 Interior 749,56916820498,Vitae occaecati maxime aspernatur. Perferendis illo laudantium amet.,5
116,4,Hotel Industrias Arevalo y Vázquez,Calle Norte Polanco 882 534,56991701396,Natus numquam quos pariatur similique animi. Asperiores iusto nulla ab dolorum.,1
117,4,"Hotel Grupo Espino, Peña y Galván",Continuación ex República Yugoslava de Macedonia 013 Interior 986,56909189894,Tenetur aspernatur nulla laborum. Ratione dicta accusantium dicta repellendus voluptatem atque. Natus atque illo aut.,3
118,4,Hotel Madrid y Bonilla e Hijos,Boulevard Norte Arguello 019 Interior 189,56959269120,Aperiam hic laborum exercitationem. At possimus vel modi quo vel. Dolor assumenda quis commodi architecto magnam.,5
119,4,"Hotel Páez, Chacón y Acosta",Periférico San Vicente y las Granadinas 276 822,56924217464,Nemo dolore perferendis. Aut nihil animi officiis repudiandae dolores.,2
120,4,Hotel Club Almonte-Treviño,Pasaje Polanco 405 Interior 902,56923405680,Libero ullam ea commodi beatae. Cupiditate est odio rem natus tempora. Perspiciatis perspiciatis enim iure hic consequuntur.,5
121,4,Hotel Orellana-Collazo S.C.,Avenida Norte Vega 340 Interior 149,56974032045,Eos dolore provident quis hic voluptatum. Accusantium sequi earum maiores accusantium rerum voluptates. Ad voluptatum sint itaque eius exercitationem.,3
122,4,Hotel Valle-Valencia,Ampliación Jamaica 334 262,56928333098,Sapiente laboriosam consequuntur id nostrum dolore.,2
123,4,Hotel Puente-Mireles,Periférico Sinaloa 368 225,56982558985,Quasi doloribus facere blanditiis. Dicta quasi iste fugit.,5
125,5,"Hotel Cervantes, Vaca y Rael",Calzada Congo 360 Interior 786,56976999208,Nesciunt facere ut laborum dolorem. Aperiam eos harum commodi suscipit harum esse eos. Ab eligendi est veritatis.,5
124,4,"Hotel Laboratorios Coronado, Carreón y Casanova",Circunvalación Niger 203 020,56926487633,Sapiente nisi similique adipisci ipsam voluptatibus eaque. Ex necessitatibus provident impedit similique repudiandae.,1
126,5,Hotel Rascón S.A. de C.V.,Calle Camerún 327 166,56981015203,Libero facere ipsam temporibus rem modi veniam corrupti. Laborum deserunt modi vel. Repellat eius illum reiciendis laboriosam hic voluptas.,5
127,5,Hotel Industrias Prado y Montoya,"Eje vial Querétaro 424 Edif. 311 , Depto. 873",56952885146,Sapiente maiores nulla in beatae cupiditate. Sit quisquam vero debitis ipsa ratione rerum. Sint eius itaque debitis id fugiat.,5
128,5,Hotel Proyectos Palomo-Salcido,Privada Norte Cervántez 029 Interior 821,56910009934,Velit eos ab aut harum.,1
129,5,Hotel Laboratorios Anaya-Ortiz,"Callejón Querétaro 245 Edif. 558 , Depto. 685",56926277434,Aspernatur optio quae accusamus cupiditate iure deserunt. Accusamus a suscipit dolorum. Sint quisquam voluptate debitis.,1
130,5,Hotel Grijalva-Granados A.C.,Calzada Coahuila de Zaragoza 408 734,56964732192,Recusandae natus sapiente sit. Consequuntur saepe beatae reiciendis. Minus exercitationem amet fugit ut. Nemo commodi enim totam ex dicta.,5
131,5,Hotel Ocasio-Amador,"Callejón Norte Padilla 468 Edif. 215 , Depto. 422",56916671779,Sint sint laboriosam autem quas ea. Ipsam nostrum dignissimos esse recusandae. Reprehenderit placeat tenetur labore.,4
132,5,Hotel Mascareñas-Navarro,"Cerrada Sur Sandoval 615 Edif. 914 , Depto. 155",56954415000,Esse voluptas consequatur. Consequatur labore officiis impedit occaecati.,5
133,5,Hotel Corporacin Barela y Hernández,Callejón Mercado 668 Interior 246,56914510354,Temporibus voluptatem cumque quam dolore optio pariatur animi. Molestiae autem libero officiis nam itaque blanditiis. Commodi architecto sequi ducimus iste.,2
134,5,"Hotel Industrias Ureña, Terán y Montoya","Periférico Egipto 542 Edif. 480 , Depto. 931",56997400514,Non veritatis praesentium. Eius quasi fugiat aliquid quisquam numquam. Sit neque autem repellat sequi neque.,3
135,5,"Hotel Galindo, Bermúdez y Maestas",Peatonal Norte Terán 339 Interior 196,56925072569,Consequuntur nisi doloremque suscipit quae quibusdam. Consequatur autem ut aperiam eum similique.,1
136,5,Hotel Roldán S.C.,Diagonal Finlandia 524 Interior 523,56915681492,Est explicabo reprehenderit tempore minima dolor vero nobis. Exercitationem repudiandae praesentium vitae ducimus quis possimus.,5
137,5,Hotel Mares-Escobar S.A. de C.V.,"Eje vial Tórrez 624 Edif. 739 , Depto. 029",56946520022,Mollitia veritatis excepturi asperiores neque. Error harum aliquam debitis quas hic aspernatur.,4
138,5,Hotel Madrid S.A. de C.V.,Avenida Sur Mayorga 521 Interior 922,56964836627,Voluptatem vero nulla vero.,4
139,5,Hotel Barajas y Barreto S.C.,"Circunvalación Norte Lucio 228 Edif. 508 , Depto. 053",56921926155,Ad fugit facere minus sapiente unde maiores. Fugit quaerat dolorem.,1
140,5,Hotel Piña-García e Hijos,Diagonal Huerta 812 Interior 984,56963018320,Expedita enim laborum eum reiciendis inventore nisi officia. Fugiat itaque explicabo officiis rem suscipit eos. Laboriosam pariatur laboriosam sint omnis laudantium in.,5
141,5,Hotel Merino y Sandoval S.A. de C.V.,Continuación Norte Barreto 805 929,56900031092,Libero esse ducimus sunt dolorum eveniet explicabo. Harum accusantium unde soluta occaecati totam fugiat.,2
142,5,"Hotel Lemus, Cedillo y Gracia",Pasaje Cuba 555 374,56976459150,Omnis accusantium officia. Odio architecto eum beatae fugit debitis. Possimus in perferendis cumque tenetur labore possimus.,5
143,5,"Hotel Industrias Peralta, Madrigal y Jurado",Viaducto Niger 795 700,56952595300,Rem laborum animi ullam perferendis. Nemo at porro facilis asperiores. Iste rerum velit impedit quaerat sed iste.,2
144,5,"Hotel Balderas, Coronado y Pedroza","Ampliación Tlaxcala 273 Edif. 018 , Depto. 345",56981864592,Deleniti voluptatibus expedita dicta est praesentium voluptatibus inventore.,1
145,5,Hotel Salinas-Venegas S.C.,Andador Norte Calvillo 045 Interior 835,56930792305,Aliquid quis suscipit qui iure. Repellendus nihil facere consequatur. Quo nulla nam porro.,4
147,5,Hotel Gaona-Samaniego,Andador Sauceda 407 Interior 594,56948701489,Rem ratione illum maiores in aspernatur dignissimos. Repellat deserunt tempore ullam accusamus temporibus tempore.,5
146,5,Hotel Tamez-Navarro S. R.L. de C.V.,"Callejón Sur Alejandro 135 Edif. 554 , Depto. 127",56904550866,Ab in necessitatibus provident eligendi incidunt. Corrupti praesentium rem ducimus alias. Officia repellendus fuga consectetur minus vel.,3
148,5,Hotel Olmos-Tórrez,Diagonal Mauritania 288 242,56980265598,Excepturi vero rem odit odio magnam. Recusandae hic recusandae rerum quae. Animi numquam sequi dolore quia quidem libero. Eaque illum officia facere dolorum.,4
149,5,"Hotel Laboratorios Quiñones, Lebrón y Ramón",Privada Norte Rascón 244 Interior 596,56943280016,Molestias velit recusandae rem quibusdam ducimus. Porro accusantium quae odio suscipit voluptatem laudantium.,4
150,6,"Hotel Godoy, Rojas y Iglesias",Eje vial Sur Borrego 748 382,56971060998,Error doloremque deleniti unde velit iste. Inventore sequi illum pariatur voluptatibus necessitatibus.,5
151,6,Hotel Noriega-Nazario S. R.L. de C.V.,Circunvalación Sur Colunga 900 Interior 316,56953190340,Beatae enim dolorum possimus error. Possimus eum nulla aliquid adipisci.,2
152,6,Hotel Véliz y Baeza S.A. de C.V.,"Eje vial Bermúdez 798 Edif. 047 , Depto. 819",56929093498,Occaecati voluptate veniam fugiat eligendi esse recusandae occaecati. Nihil ipsum officia.,2
153,6,Hotel Laboratorios Verduzco-Aguilar,Cerrada Paraguay 035 Interior 725,56922774522,Adipisci vitae eos. Occaecati rem dicta inventore provident amet cum.,1
154,6,Hotel Galván-Carrera S.A. de C.V.,Callejón Colima 709 Interior 194,56955487476,Commodi nobis et similique iste. Similique laudantium sunt. Voluptatum ipsa atque optio laboriosam harum id.,4
155,6,Hotel Club Cantú-Cintrón,Cerrada Tuvalu 627 925,56947105810,Id natus eveniet doloribus laboriosam rem. Non aut qui rem aliquam itaque cum.,3
156,6,Hotel Segura-Velasco,Peatonal Norte Godínez 951 Interior 901,56985137308,Neque praesentium inventore amet. Repudiandae accusamus voluptates natus quaerat.,5
157,6,"Hotel Club Rosales, Ordóñez y Apodaca","Boulevard Sur Rentería 038 Edif. 739 , Depto. 862",56910175727,Dicta quia reprehenderit. Reiciendis labore error repellendus corporis. Saepe sit accusamus excepturi.,1
158,6,"Hotel Corporacin Yáñez, Véliz y Cruz",Viaducto Norte Guajardo 529 Interior 884,56929162406,Eius commodi expedita similique itaque consequatur.,1
159,6,Hotel Valdés y Alarcón S.A. de C.V.,Privada Tabasco 959 597,56902786042,Atque dolore velit magni fugiat magnam. Placeat cumque vel adipisci a aliquid. Nemo eligendi iste quidem possimus non. Tempore dicta quam vero tempore ad.,3
160,6,Hotel Acosta S. R.L. de C.V.,Avenida Países Bajos 145 Interior 715,56989799119,Cum totam consequuntur vel accusantium mollitia. Porro est nulla dolorem asperiores aliquid.,4
161,6,Hotel de la Fuente-Varela,"Continuación Mayorga 220 Edif. 490 , Depto. 122",56913859631,Dicta consequatur quia rem voluptate unde. Rem rerum sint veritatis. Minus nesciunt ea.,5
162,6,Hotel Club Tórrez y Carvajal,"Viaducto Puebla 241 Edif. 608 , Depto. 246",56900806729,Impedit molestiae error et ab inventore. Inventore modi odio aspernatur omnis. Cum ullam iste occaecati voluptates.,2
163,6,Hotel Club Mena y Rivero,"Peatonal Georgia 203 Edif. 816 , Depto. 579",56990736446,At voluptates voluptatibus ipsam minima ratione. Iure asperiores eius cupiditate facere maxime molestias. Accusamus ullam aliquid.,2
164,6,Hotel Ramírez-Molina e Hijos,"Ampliación Guerrero 413 Edif. 306 , Depto. 653",56976677573,Voluptatem occaecati dolorem labore nihil quia iste. Molestiae consequuntur inventore quod voluptatum labore maiores. Facere officia assumenda repellendus voluptatum reprehenderit. Commodi molestiae voluptatum recusandae porro.,4
165,6,Hotel Laboratorios Zayas y Ozuna,"Periférico Noruega 153 Edif. 109 , Depto. 534",56932448070,Provident minima earum voluptas. Sapiente cum ex. Amet necessitatibus dicta cupiditate.,1
166,6,"Hotel Club Briseño, Aguayo y Alcala",Circunvalación Lemus 940 871,56998521740,Excepturi maxime labore incidunt.,2
167,6,Hotel Acuña y Melgar A.C.,Peatonal Urías 381 Interior 401,56947522448,Eveniet labore eum ad numquam tempore repellat doloremque. Corrupti cum fugit magni quia laudantium. Quas quibusdam error ea laborum cumque.,2
168,6,"Hotel Laboratorios Quiñones, Blanco y Gamboa",Boulevard Quintero 001 871,56986274266,Amet earum dolore voluptatum aliquam sequi distinctio nam. Cupiditate libero fugiat ex dolorem. Nam nemo dolores vitae assumenda commodi quas alias.,2
169,6,Hotel Chacón y Carrillo e Hijos,Prolongación Norte Alarcón 589 955,56972161358,Adipisci mollitia nulla dolorum eveniet dolorum. Itaque odio ipsa occaecati aut natus adipisci fugit.,5
170,6,"Hotel Mercado, Gastélum y Alcaraz","Peatonal Sur Montalvo 368 Edif. 822 , Depto. 590",56963295079,Et ex totam praesentium rem rerum. Asperiores repudiandae dolorum aperiam delectus praesentium quo.,3
171,6,Hotel Bermúdez y Balderas e Hijos,"Eje vial Yucatán 933 Edif. 774 , Depto. 979",56974867285,Iste asperiores repudiandae voluptatem consectetur rerum quam culpa. Dolorem accusantium reiciendis aliquam.,4
172,6,Hotel Zúñiga-Villaseñor,Avenida Hidalgo 986 211,56999892045,Perspiciatis ratione iure velit voluptatibus quibusdam. Quos officia qui illum molestiae sint.,3
173,6,"Hotel Laboratorios Ozuna, Quiroz y Valladares",Prolongación Cuellar 976 Interior 562,56999646855,Quas atque deleniti. Voluptate dicta aut molestias.,4
174,6,Hotel Angulo y Pedroza y Asociados,"Circunvalación Norte Lemus 495 Edif. 243 , Depto. 658",56965314232,Corrupti dolor neque. Eaque quas vel illo.,5
175,7,Hotel Proyectos Soto y Villa,Viaducto Blanco 118 974,56908352568,Reiciendis rerum magni. Ullam illum accusantium debitis incidunt nemo.,1
176,7,"Hotel Industrias Mata, Osorio y Salgado",Boulevard Sur Farías 727 044,56983169715,Corrupti nesciunt cumque voluptate dolorem. Labore nostrum architecto a perspiciatis cumque.,1
177,7,"Hotel Corporacin Ibarra, Saavedra y Briones","Periférico Norte Bustos 932 Edif. 833 , Depto. 453",56973096006,Temporibus quas iusto cupiditate odit illum suscipit laboriosam.,1
178,7,Hotel Enríquez y Rodarte A.C.,Privada Casares 193 Interior 186,56964369895,Qui quia beatae. Veniam quibusdam saepe similique. Natus at odit reprehenderit.,5
179,7,Hotel Quintero A.C.,Prolongación Zacatecas 938 Interior 779,56916057893,Quas voluptates beatae suscipit quis. Sit deleniti mollitia sapiente sapiente. Debitis repellat doloremque numquam.,2
180,7,Hotel Corporacin Arellano-Verduzco,"Diagonal Sanabria 225 Edif. 241 , Depto. 320",56973356885,Maxime commodi dignissimos earum.,1
181,7,Hotel Montemayor-Mercado S.C.,Eje vial Norte Valdivia 476 901,56944869641,Quis iure iusto ea dignissimos autem. Nemo rerum odio nostrum accusamus repellendus. Blanditiis voluptatibus voluptate iste.,3
182,7,Hotel Olivares-Gollum e Hijos,"Eje vial Guanajuato 279 Edif. 043 , Depto. 651",56974027279,Ut veniam corporis recusandae doloribus. Accusamus quidem quam.,1
183,7,Hotel Grupo Cardona-Ávila,"Peatonal Norte Camarillo 075 Edif. 712 , Depto. 159",56912575900,Odio quaerat occaecati sapiente vero dolores.,4
184,7,Hotel Pizarro-Dueñas,"Retorno Chihuahua 644 Edif. 096 , Depto. 562",56939956669,Laboriosam autem harum eaque quidem delectus delectus expedita. Ipsum molestiae quasi.,4
185,7,"Hotel Mondragón, Quesada y Arteaga","Continuación Suiza 668 Edif. 701 , Depto. 264",56978332112,Consectetur repudiandae minima pariatur. Itaque saepe quidem inventore. Maiores fuga nihil eveniet quam quasi quam. Possimus placeat accusantium possimus alias.,3
186,7,Hotel Industrias Lebrón y Lemus,"Retorno Austria 080 Edif. 525 , Depto. 658",56950112901,Iure officiis deserunt quia incidunt aspernatur officiis cumque. Quam deserunt quas rerum. Aut quisquam quae facilis saepe.,2
187,7,"Hotel Proyectos Rodríguez, Mateo y Jimínez",Avenida Distrito Federal 546 974,56990766605,Eos deleniti fuga numquam fugiat et. Magni non aliquam saepe laborum delectus.,5
188,7,Hotel Industrias Valdivia y Colunga,"Peatonal Comoras 501 Edif. 331 , Depto. 086",56970532837,Perferendis quas explicabo corrupti laboriosam est numquam. Illum repellendus reprehenderit fuga eos porro ut illo.,4
189,7,Hotel Despacho Mondragón-Flórez,"Periférico Comoras 105 Edif. 122 , Depto. 454",56930886489,Exercitationem provident vitae nihil. Ipsa officia repudiandae velit expedita mollitia. Id consequatur adipisci exercitationem illo.,3
190,7,Hotel Yáñez S.A. de C.V.,Ampliación Sinaloa 299 125,56921340711,Ipsam consequatur molestias praesentium magnam neque ullam. Tempore repellendus accusantium dignissimos eius.,2
191,7,Hotel Soto y Juárez y Asociados,"Circunvalación Sur Santillán 954 Edif. 046 , Depto. 406",56905971789,Fuga possimus reiciendis id. Rerum consectetur doloribus autem aut. Eum optio nostrum consectetur ad accusamus.,2
192,7,Hotel Pelayo y Rosas y Asociados,Andador Franco 836 Interior 829,56930667209,Ad provident consectetur praesentium magni. Similique distinctio saepe tempora magni ut fugiat.,3
193,7,Hotel Industrias Pulido-Bonilla,Retorno Sur Mercado 558 578,56956787451,Eligendi blanditiis qui quis libero nobis inventore illo. Eos unde numquam aliquam reprehenderit a illum.,2
194,7,Hotel Arenas-Galarza y Asociados,Calle Durango 620 Interior 864,56991977253,Perspiciatis eius fugiat nesciunt recusandae. Magnam quos sequi adipisci voluptate occaecati omnis. Odit aspernatur incidunt ad officiis perspiciatis consequatur.,4
195,7,Hotel Corporacin Meza-Hurtado,Calle Tlaxcala 030 629,56964886172,Eos deserunt itaque similique. Facere ipsam ad repudiandae.,4
196,7,Hotel Club Valadez y Delgado,"Andador Norte Tejada 211 Edif. 087 , Depto. 410",56994514923,Soluta deleniti fugit voluptates. Tenetur unde accusantium eos ullam. Dolor excepturi quibusdam magni.,1
197,7,Hotel Proyectos Cotto-Dávila,Corredor Norte Nieto 950 138,56985959310,Laudantium soluta amet fugit. Non quasi necessitatibus.,1
198,7,Hotel Corrales-Cedillo S.A. de C.V.,Boulevard Norte Lugo 763 345,56929876933,Explicabo inventore culpa delectus magnam. Suscipit natus debitis.,3
199,7,Hotel Bétancourt-Quintana S.A. de C.V.,"Circuito Norte Pulido 864 Edif. 545 , Depto. 564",56959833849,Excepturi dignissimos libero labore dignissimos sunt dolorum. Quae corporis aut minima. Tempore eius nulla non dolorem.,3
200,8,Hotel Naranjo y Ávalos S.A.,"Diagonal Querétaro 912 Edif. 662 , Depto. 595",56900681611,Est ipsa voluptas facilis atque quam similique. Soluta laborum quam ad dignissimos molestias. Voluptatem iure at officia modi earum nobis. Magnam mollitia eaque.,1
201,8,Hotel Limón y Aguirre S.C.,"Pasaje Norte Rosado 159 Edif. 461 , Depto. 888",56946575622,Deleniti necessitatibus fugiat a. Odit enim necessitatibus tempora error. Delectus pariatur ipsam veritatis. Ea soluta facere sed exercitationem maiores iusto.,1
202,8,Hotel Gutiérrez-Blanco,Cerrada Norte Carrero 214 391,56900943490,Architecto placeat modi rerum similique. Ullam deleniti possimus neque deserunt quam. Quasi pariatur cum natus fugit. Numquam delectus nam eius cupiditate nihil.,5
203,8,"Hotel Pabón, Benavídez y Villareal",Viaducto Batista 620 409,56934302592,Laudantium vitae ipsam distinctio. Cupiditate doloribus rerum eligendi aspernatur error enim.,1
204,8,Hotel Cabrera y Hinojosa S.A. de C.V.,"Periférico Puebla 529 Edif. 201 , Depto. 273",56924989142,Cum dolore architecto ex quasi nostrum corrupti consequuntur. Nobis natus est occaecati praesentium ea culpa. Illo repellat vel eos nesciunt.,2
205,8,Hotel Pedraza-Saldivar,Privada Chad 116 Interior 369,56933803072,Ea necessitatibus ratione rem reprehenderit. Eligendi fugiat corrupti alias a ipsum. Suscipit iusto quibusdam.,4
206,8,Hotel Castro-Barela,Cerrada Mauricio 231 364,56910358805,Iusto aperiam quasi quo fugit velit voluptate. Hic deleniti repellendus voluptatum.,5
207,8,"Hotel Rivera, Cervántez y Alfaro",Cerrada Espinoza 025 Interior 273,56984066682,Harum dolorum iste. Eveniet culpa officiis nemo fugiat maxime dolor maiores.,5
208,8,Hotel Almonte-Zelaya S. R.L. de C.V.,Peatonal Hidalgo 398 967,56916978564,Nam excepturi temporibus ipsum. Ipsa quia possimus suscipit eius nesciunt dicta.,3
209,8,Hotel Dávila-Alcala S.C.,Periférico Esquibel 297 Interior 784,56980966844,Ad magnam et officiis accusantium mollitia sint. Provident ipsa quaerat sapiente repellendus eum assumenda architecto.,5
210,8,Hotel Corporacin Reynoso-Villaseñor,Eje vial Hidalgo 754 015,56946810728,Maiores enim maxime velit. Deleniti sed hic nobis iure quaerat.,5
211,8,Hotel Corporacin Reynoso y Almaraz,Peatonal Tayikistán 317 885,56920575512,Accusamus dolore quas. Id ipsum ab recusandae sapiente exercitationem. Fugiat consectetur placeat ad mollitia quis.,2
212,8,Hotel Industrias Aguilera-Canales,Calzada Norte Mateo 615 Interior 831,56938737661,Reprehenderit mollitia quidem. Placeat dolore vero aliquam. Cum fugiat provident tenetur dolorem similique.,2
213,8,"Hotel Guillen, Miranda y Colunga",Calle Sur Rivas 450 145,56970918814,Est adipisci ab laudantium harum libero distinctio. Perspiciatis veniam odit facilis animi temporibus.,2
214,8,"Hotel Grupo Rentería, Becerra y Manzanares",Eje vial Sur Girón 881 748,56919429722,Voluptatibus sit tempore quia quas. Quasi aperiam doloribus eaque commodi neque magnam. Odio alias qui maxime nostrum sed blanditiis.,5
215,8,Hotel Proyectos García y Figueroa,Peatonal Vietman 802 587,56902064721,Corporis cumque quo ex ut autem assumenda. Aut fugiat quam. Debitis ducimus laboriosam blanditiis dicta quia quas quidem.,1
216,8,Hotel Corporacin Domínguez y Garza,Callejón Baja California 045 838,56931456596,Quo dolorum voluptate quia amet.,1
217,8,Hotel Despacho de Jesús y Alonso,Privada Marroquín 540 785,56946102793,Sapiente ducimus reprehenderit in facere maxime quod. Facilis expedita amet tempora hic molestias natus. Tempora vel laborum totam.,5
218,8,"Hotel Laboratorios Serrato, Valdivia y Amador",Eje vial Sudáfrica 992 039,56908428104,Doloribus omnis consectetur earum nisi. Sunt corporis nam quo magnam voluptatibus. Qui natus unde quod.,3
219,8,Hotel Santillán-Rodarte y Asociados,Circuito Puebla 349 Interior 203,56962996949,Asperiores cum quo sed nesciunt incidunt. Sunt vero animi corrupti excepturi.,3
220,8,"Hotel Gastélum, Segovia y Lebrón",Diagonal Maldivas 918 188,56908754436,Suscipit quidem sit sed repellat. Temporibus quae sapiente tempora. Repellendus nulla aperiam error.,4
221,8,Hotel Guzmán-Meraz y Asociados,Cerrada Andorra 859 290,56930599691,Laboriosam iste dolor aspernatur. Cumque ducimus similique adipisci debitis.,4
222,8,"Hotel Industrias Villagómez, Toledo y Enríquez",Continuación Djibouti 408 Interior 051,56951752929,Veritatis occaecati voluptatibus tempore architecto deleniti quia. Mollitia quam animi unde. Iure quod distinctio ex perferendis in culpa.,5
223,8,Hotel Barraza y Orellana S.A. de C.V.,"Diagonal Manzanares 253 Edif. 052 , Depto. 356",56930758775,Dicta nemo impedit fuga accusantium fugiat mollitia. Amet non facere tempora.,4
224,8,Hotel Paredes-Bétancourt,"Cerrada Roldán 383 Edif. 678 , Depto. 564",56925865371,Sed occaecati repellat amet sit laborum veritatis. Eaque voluptate expedita laboriosam eligendi.,1
225,9,Hotel Proyectos Villarreal y Zúñiga,Diagonal Rolón 555 570,56914544363,Amet numquam deserunt.,4
226,9,Hotel Laboratorios Briseño y Orozco,"Avenida Chiapas 166 Edif. 356 , Depto. 019",56984449930,Voluptatum nulla perferendis officiis explicabo occaecati praesentium. Maiores a dolor omnis commodi.,1
227,9,Hotel Osorio y Asociados,"Avenida Uruguay 008 Edif. 334 , Depto. 971",56914522473,Ipsam sunt possimus recusandae voluptate voluptas perferendis soluta. Totam dolor ab cum modi possimus quod. Tempora a repellendus repudiandae dignissimos. Neque beatae reprehenderit facilis mollitia.,1
228,9,"Hotel Mora, Murillo y Vanegas",Viaducto Puebla 267 Interior 924,56984459901,Soluta pariatur placeat modi beatae eius. Commodi nemo doloribus. Molestiae vel voluptatibus quo.,1
229,9,Hotel Saldivar y Moya A.C.,Viaducto Sur Irizarry 396 Interior 120,56907791613,Quae doloremque vero provident officia tempore totam. Aliquid et necessitatibus non. Harum distinctio aliquam officia.,4
230,9,Hotel Corona-Alvarez S.A. de C.V.,"Prolongación Aguascalientes 105 Edif. 527 , Depto. 108",56908721574,Voluptatum eligendi excepturi esse. Error facere repellendus a quo totam rem autem.,3
231,9,Hotel Grupo Centeno-Iglesias,Calzada Sur Rubio 596 Interior 217,56907843964,Blanditiis unde ad. Cupiditate aperiam eos distinctio in sint excepturi magni.,1
232,9,"Hotel Laboratorios Ledesma, Méndez y Cazares","Corredor Norte Pizarro 166 Edif. 913 , Depto. 615",56987705369,Quod nihil nihil. Aspernatur nihil dolore voluptates cumque.,1
233,9,Hotel Corporacin Manzanares y Aguayo,Boulevard Sur Orosco 606 709,56941710358,Excepturi dolor earum iste animi eos veniam. Fuga libero explicabo dolor itaque ipsam itaque.,5
234,9,Hotel Benavides-Merino,Ampliación República de Corea 623 555,56949817999,Voluptates corporis ipsa libero accusantium vel magnam. Illo animi in sapiente ad. Ipsum eum quae nisi voluptatibus eos.,1
235,9,Hotel Club Uribe-Arriaga,Callejón Nuevo León 741 079,56955653005,Debitis quos rem sunt architecto quisquam. Non adipisci quis ad maiores libero. Delectus fugiat eum necessitatibus eveniet illum delectus facere.,5
236,9,Hotel Bravo-Espinal y Asociados,Viaducto Guinea Ecuatorial 469 300,56952276720,Officiis impedit autem consequatur laudantium quia maiores. Aliquid quas unde dicta aliquid.,3
237,9,Hotel Vigil-Granado,Cerrada Norte Muro 604 908,56962769190,Vero earum recusandae sit assumenda. Nesciunt molestiae aliquid optio in. Laudantium adipisci mollitia asperiores deleniti aspernatur illo.,3
238,9,"Hotel Grupo Garza, Lucio y Rico","Circunvalación Islandia 099 Edif. 254 , Depto. 298",56994451937,Ratione laborum rerum cupiditate ut. Debitis animi ipsam ab.,2
239,9,Hotel Luevano-Mora S.A.,"Eje vial Sur Rascón 867 Edif. 208 , Depto. 740",56907324248,Officia doloremque velit doloremque dolorum sequi. Officiis facilis corrupti accusamus.,3
240,9,Hotel Industrias Otero y Quezada,Pasaje Turkmenistán 722 Interior 600,56926080472,Tempora quidem illum doloribus excepturi.,2
241,9,"Hotel Serrato, Solís y León",Boulevard Sur Romero 434 Interior 149,56911899984,Nisi aliquam quia qui exercitationem. Eaque dolorum quo.,1
242,9,Hotel Valentín S.C.,Calle Arteaga 534 Interior 389,56939508060,Nisi cumque ipsa nam numquam autem sed. Doloremque voluptatum deserunt quibusdam atque est. Velit nesciunt atque occaecati.,1
243,9,"Hotel Grupo Orta, Quiroz y Pantoja",Prolongación Norte Galindo 047 Interior 528,56961269008,Reprehenderit libero cupiditate occaecati doloremque expedita rerum.,4
244,9,Hotel Varela y Ulibarri e Hijos,Privada Dominicana 997 157,56917050093,Consectetur enim accusamus quia laborum corrupti. Tempora sapiente doloribus temporibus.,1
245,9,Hotel Olivo-Olmos S.A. de C.V.,Callejón Países Bajos 184 763,56901218292,Placeat laboriosam recusandae explicabo. Sunt explicabo facere adipisci consectetur quo.,4
246,9,Hotel Muñiz-Ballesteros S.C.,Prolongación Santo Tomé y Príncipe 558 Interior 009,56957067878,Necessitatibus quae labore dolorem perspiciatis deleniti quaerat. Mollitia suscipit perferendis eaque quibusdam. Eligendi nihil consequuntur pariatur corporis cum.,5
247,9,Hotel Despacho Rojas y Ruiz,Ampliación Sur Cardenas 131 Interior 320,56990659145,Dolor nisi in neque delectus. Adipisci eveniet velit soluta magni expedita ratione. Expedita iusto quisquam nam repudiandae esse labore.,5
248,9,Hotel Club Quezada y Zedillo,Calle Benavides 706 200,56904693223,Deserunt quaerat labore saepe debitis soluta qui dignissimos. Deleniti animi cumque accusantium doloribus. Explicabo nostrum corrupti voluptates nulla numquam.,5
249,9,Hotel Club Pedroza-Medina,Prolongación Salcedo 642 742,56988689328,Error adipisci neque labore harum facere itaque. Assumenda autem sed tenetur similique.,1
250,10,Hotel Laboratorios Olivares y Riojas,Corredor Tamaulipas 144 399,56943940631,Ducimus quae reiciendis nam quasi. Quas debitis doloribus ratione.,2
251,10,"Hotel Bernal, Regalado y Patiño",Ampliación San Luis Potosí 472 548,56959610684,Accusantium ad blanditiis hic voluptates sit ducimus. Vero enim facilis.,3
252,10,Hotel Peña-Berríos,Diagonal Quintana Roo 240 902,56911490193,Placeat veniam accusantium. Quibusdam provident quos tempora sit dignissimos.,2
253,10,"Hotel Laboratorios Mayorga, Reynoso y Montoya","Ampliación Cardenas 673 Edif. 081 , Depto. 544",56983662323,Quae sequi quod est est ipsam officiis ex. Repudiandae sit est ipsum nihil eveniet alias.,1
254,10,Hotel García S.A.,Calzada Norte Barragán 255 Interior 972,56909606411,Dolorem quam repudiandae totam recusandae doloribus debitis fugiat. Qui earum occaecati unde consequatur placeat. Ducimus porro rem maxime.,1
255,10,Hotel Corporacin Serrano-Porras,Callejón Oaxaca 780 365,56914112540,Dolores voluptas vitae pariatur blanditiis. Minima quos magni quasi harum labore dignissimos. Fuga explicabo ut exercitationem facilis vel incidunt.,2
256,10,Hotel Loya e Hijos,"Boulevard Líbano 591 Edif. 473 , Depto. 172",56950429614,Praesentium totam aperiam assumenda excepturi magnam sunt. Iure suscipit nam dignissimos repellat. Eos in commodi sequi aut nostrum nisi eius.,4
257,10,Hotel Corral S.A. de C.V.,Corredor Duarte 156 Interior 328,56923234268,Beatae tempora facere natus consequuntur molestias. Vitae nulla tempore sint doloribus libero enim.,1
258,10,"Hotel Villalpando, Santacruz y Carreón","Ampliación Sonora 298 Edif. 793 , Depto. 186",56994765829,In maiores hic reiciendis. Placeat occaecati culpa perspiciatis nam soluta.,3
259,10,Hotel Escobedo y Asociados,Diagonal Hungría 322 805,56914325891,Voluptate cumque vero distinctio maxime sed. Ex ducimus dolores et ipsa natus vero. Nisi molestiae eos hic quis.,3
260,10,Hotel Industrias Ojeda y Amaya,Periférico Tlaxcala 571 Interior 158,56909301362,Nulla dolore laudantium dolorem quo. Dolor vero sunt perspiciatis.,4
261,10,Hotel Tapia y Fuentes S.C.,"Callejón Tamaulipas 846 Edif. 506 , Depto. 470",56977939741,Quia placeat tempora explicabo voluptatum asperiores cupiditate. Inventore quam minima vitae.,3
262,10,Hotel Grupo Gamboa y Granados,Viaducto Eritrea 940 Interior 703,56950037964,Libero esse odio cumque eos necessitatibus. Aut occaecati esse dolorem tempora quas. Ipsam mollitia nulla ullam minima eos.,1
263,10,Hotel Juárez S.C.,Eje vial Querétaro 948 Interior 863,56911068499,Quod commodi dicta adipisci veniam a similique. Tempora tempore quisquam enim mollitia et. Ipsa dignissimos vel.,2
264,10,Hotel Bustamante-Munguía A.C.,Viaducto Villanueva 621 734,56975667761,Quas illum vero officia.,1
265,10,Hotel Club de la Crúz-Lebrón,Privada Uzbekistán 788 315,56985594213,Eius esse omnis debitis accusamus. Veniam cupiditate omnis nam ipsam. Dicta nobis ipsum quisquam veritatis illum.,4
266,10,Hotel Industrias Hernández-Canales,Callejón Robledo 131 070,56929402436,Ducimus ipsam voluptas et debitis. Quos quibusdam commodi velit culpa. Voluptate reprehenderit expedita iure quae saepe minima.,1
269,10,"Hotel Medina, Chávez y Coronado",Retorno Cervantes 347 524,56961595478,Expedita soluta laboriosam cupiditate cumque. Pariatur quia unde voluptas illum non. Accusantium dolore earum consectetur fuga. Earum placeat animi aliquam voluptas voluptates debitis.,4
267,10,Hotel Pérez y Peña S. R.L. de C.V.,Viaducto Sur Quiroz 209 952,56983293627,Voluptatibus quis eaque amet autem. Explicabo inventore vero ab cumque. Ipsa assumenda consectetur voluptates.,3
268,10,Hotel Despacho Aragón y Valencia,"Circuito Venezuela 580 Edif. 305 , Depto. 658",56951483387,Consequuntur sapiente sint magnam temporibus. Voluptates voluptates debitis perspiciatis dolores. Ab dolores culpa veritatis.,3
270,10,Hotel Club Espino-Ibarra,"Andador Norte Posada 898 Edif. 755 , Depto. 842",56937999355,Nam reprehenderit error. Tenetur voluptate fugiat omnis ipsum recusandae cupiditate cum.,5
271,10,Hotel Jáquez y Carvajal S. R.L. de C.V.,"Peatonal Chipre 146 Edif. 279 , Depto. 779",56904555390,Eos natus ipsam ex eveniet voluptatibus dicta temporibus. Quidem enim quaerat non delectus vitae. Reiciendis minima voluptas illum. Ea expedita distinctio cumque esse ullam dignissimos.,4
272,10,"Hotel Proyectos Angulo, Barrios y Tello",Diagonal Nuevo León 580 Interior 689,56979947108,Voluptate iure reiciendis id ipsum deserunt. Natus voluptates saepe molestiae.,3
273,10,"Hotel Tirado, Almaraz y Nájera",Boulevard Feliciano 054 Interior 233,56948769252,Corrupti ut ipsam nihil itaque. Fuga facere non. Facilis voluptates occaecati fugit sequi cupiditate nam.,2
274,10,Hotel Puente y Pacheco S.C.,"Circuito Hungría 891 Edif. 052 , Depto. 452",56977791822,Nostrum quam possimus dolorem tempore possimus iusto.,5
275,11,Hotel Irizarry S.A.,"Diagonal República de Corea 129 Edif. 191 , Depto. 587",56958357625,Tempora perferendis odio tempore non saepe. Quidem incidunt ea a debitis minima dolores ullam.,4
276,11,Hotel Despacho Guerra-Haro,Callejón Durango 865 048,56919346618,Vel quia autem iusto fugiat. Tenetur dolores id voluptatem eos. Incidunt ipsa cupiditate dignissimos recusandae.,3
277,11,Hotel Escobar A.C.,Continuación Zacatecas 863 Interior 227,56903425220,Sequi exercitationem occaecati laudantium cumque. Animi numquam rem nobis dicta ducimus.,4
278,11,Hotel Miranda y Cervantes S.A.,Continuación Yucatán 062 Interior 978,56904936704,Aspernatur maiores earum commodi totam. Nulla perferendis dolorem nulla minus officia quis perspiciatis.,1
279,11,Hotel Méndez y Carvajal A.C.,"Circunvalación Sur Franco 939 Edif. 277 , Depto. 038",56965496356,Vitae fuga dignissimos nemo. Aspernatur distinctio maxime.,1
280,11,Hotel Berríos S.C.,"Circuito Burundi 963 Edif. 166 , Depto. 657",56979525739,Harum placeat ut nisi. Autem dolor modi eveniet. Incidunt ex blanditiis ipsa expedita tenetur facilis. Reiciendis nulla itaque quidem hic corporis nulla.,4
281,11,"Hotel Industrias Ledesma, Robledo y Manzanares",Cerrada Orta 969 173,56973280649,Sunt delectus voluptatem alias.,2
282,11,Hotel Dueñas A.C.,"Calle Sur Monroy 614 Edif. 216 , Depto. 034",56919000330,Dolorem animi ex quibusdam non. Placeat maxime maxime illum ducimus reprehenderit sit.,3
283,11,Hotel Industrias Báez y Merino,Corredor Lemus 929 988,56911558675,Necessitatibus minima quas impedit. Dolore debitis voluptas amet.,1
284,11,"Hotel Duarte, Salinas y Franco",Peatonal Mauritania 830 140,56971062891,Tempore illo ullam iste at omnis. Modi impedit eaque distinctio neque labore. Hic illo amet cumque necessitatibus delectus. Quas sed nihil sapiente.,4
285,11,Hotel Laboratorios Rascón-Nieto,Viaducto Sur Carrero 238 135,56957357750,Impedit sapiente praesentium quaerat. Incidunt qui provident.,4
286,11,"Hotel Grupo Orosco, Sánchez y Tafoya","Pasaje México 791 Edif. 086 , Depto. 642",56926847079,Eos quo earum dicta libero.,1
288,11,Hotel Guillen-Acuña S.A.,"Circunvalación Sur Carreón 435 Edif. 181 , Depto. 980",56940516372,Corporis quas aspernatur dignissimos iusto nobis sunt. Nam possimus laboriosam autem.,2
287,11,Hotel Olivo-Barraza y Asociados,"Andador Yemen 914 Edif. 947 , Depto. 898",56975338311,Possimus ea a. Porro itaque nam.,4
289,11,Hotel Laboratorios del Valle y Godoy,Continuación Gallardo 335 Interior 076,56921669861,Voluptatum mollitia quasi deleniti. Beatae totam laboriosam totam eaque aliquam.,1
290,11,"Hotel Despacho Adame, Casillas y Guillen",Calle Sur Zavala 197 237,56935937890,Vitae amet reprehenderit. Et sunt voluptatum dolor.,2
291,11,Hotel Paredes S.A.,"Prolongación Sonora 410 Edif. 318 , Depto. 380",56900961767,Harum consectetur culpa animi aperiam. Iusto totam dolores nihil.,1
292,11,Hotel Coronado-Vergara,Callejón Campeche 682 Interior 325,56936339103,Impedit facere aspernatur inventore iusto recusandae error.,2
293,11,Hotel Proyectos González y Caldera,Viaducto Aguascalientes 094 Interior 325,56989028904,Ducimus magni vero ea aut quis accusamus nobis. Autem et aperiam iste beatae molestiae harum. Quas voluptate animi delectus quaerat perspiciatis. Quasi rem hic aliquam eius.,3
294,11,"Hotel Despacho Laboy, Zúñiga y Mata",Circuito Canales 573 Interior 760,56966759426,Quos iste reprehenderit rem quae. Quibusdam eaque fugit corporis. Excepturi natus vero. Maiores modi odio minus officiis dolores laudantium amet.,1
295,11,Hotel Collazo-Santiago,Andador Irán 463 784,56916335058,Quis architecto similique quia facilis atque illo repudiandae. Accusantium commodi perspiciatis ipsum voluptates enim. Voluptatum assumenda eligendi magni hic iure autem hic.,2
296,11,Hotel Fierro S. R.L. de C.V.,"Viaducto Aguascalientes 313 Edif. 069 , Depto. 117",56929966204,Quos id natus. Ex accusamus atque architecto temporibus accusamus.,4
297,11,Hotel Véliz-Vargas,Calzada Norte Córdova 256 711,56920747219,Laudantium nulla repellat corporis corporis est. Dolor possimus ea optio alias.,1
298,11,"Hotel Preciado, Benavides y Cardona",Periférico Corrales 776 419,56953156791,Amet sit illum aperiam amet voluptate. Voluptatibus laudantium consequuntur maiores unde. Iste minus voluptas veniam alias fuga.,4
299,11,"Hotel Laboy, Guardado y Pacheco","Viaducto Robledo 735 Edif. 932 , Depto. 989",56967076549,Incidunt dolores expedita dicta non sit rem maiores.,4
300,12,Hotel Laboratorios Archuleta-Armas,"Calle Sinaloa 411 Edif. 692 , Depto. 248",56908149919,Neque animi deserunt necessitatibus animi laudantium quasi quos. Facere necessitatibus fugiat natus facilis. Consequuntur consequuntur adipisci iure eius.,1
301,12,Hotel Zapata y Paredes A.C.,Viaducto Cuellar 129 Interior 882,56937183785,Nam ratione itaque autem odio minima. Laboriosam repudiandae perferendis repellat dolorem dolores modi. Ut non consectetur odit eos ad vero.,1
302,12,"Hotel Rocha, Puente y Córdova","Andador Lituania 895 Edif. 916 , Depto. 246",56915557104,Qui eos sint quas eos veritatis dolore. Blanditiis cupiditate asperiores harum. Sit iste eius.,1
303,12,Hotel Monroy-Santana,Corredor Norte Barreto 710 Interior 887,56900795950,Nobis illum molestias cumque nisi officia quae. At at repudiandae minima iusto.,3
304,12,Hotel Club León y Baca,Circuito España 753 935,56978314861,Autem at doloremque architecto maiores assumenda exercitationem ex. Dolores necessitatibus laborum voluptatem velit unde. Magni minus quisquam inventore.,3
305,12,Hotel Elizondo y Olivo e Hijos,Eje vial Sosa 931 061,56998167816,Aperiam consequuntur blanditiis beatae corrupti molestiae.,1
306,12,Hotel Club Narváez-Lucio,"Pasaje Puebla 305 Edif. 737 , Depto. 782",56964437586,Nesciunt officiis iusto. Vitae at veritatis velit.,4
307,12,Hotel Jasso S.A.,Ampliación Aguascalientes 840 917,56994563703,Illo maxime deleniti provident dicta quasi. Magni vero rem dolores minima perspiciatis. Omnis quis quo ipsam ad similique.,3
308,12,Hotel Maya-Farías,"Diagonal Quintana Roo 345 Edif. 653 , Depto. 461",56943812457,Veritatis praesentium recusandae non voluptas iste. Quod accusamus quibusdam. Beatae vero id dolorum doloremque.,1
309,12,"Hotel Rodríquez, Hurtado y Perea",Circuito Ramos 703 Interior 509,56978924919,Odit iste iusto aliquam incidunt repellendus nisi. Alias aperiam earum odio. Laudantium quo iusto error porro deserunt.,4
310,12,Hotel Despacho Valencia-Anaya,Prolongación Chihuahua 753 Interior 277,56912516902,Omnis perspiciatis tempore id architecto nobis. Adipisci provident sint possimus sapiente iste.,4
311,12,Hotel Hurtado-Lemus S.C.,"Eje vial Norte Mejía 532 Edif. 387 , Depto. 246",56946449112,Nam distinctio labore ullam illo eos. Ex commodi soluta. Doloribus doloremque aspernatur aspernatur vel et.,5
314,12,Hotel Ramírez y Valdés S. R.L. de C.V.,Callejón Tamaulipas 510 Interior 063,56908057943,Rerum accusamus aliquid corporis occaecati. Porro adipisci error accusantium dolorem doloremque.,3
312,12,Hotel Mena-Jaimes,"Pasaje Líbano 033 Edif. 895 , Depto. 637",56926273982,Commodi sed nam. Veniam adipisci aspernatur repellat fuga ab dolores. Possimus quaerat dolore accusantium exercitationem.,1
313,12,"Hotel Club Collazo, Girón y Laureano",Corredor Fiji 513 169,56998453294,Voluptatem at illo rerum. Recusandae inventore eaque incidunt exercitationem. Laudantium magnam vero ipsam.,4
315,12,"Hotel Flórez, Ureña y Guillen",Diagonal Vega 032 605,56950846241,Dolores odio ullam ratione ipsam maiores aspernatur.,2
316,12,Hotel Matos y del Río y Asociados,"Callejón Omán 748 Edif. 548 , Depto. 018",56966469060,Incidunt accusantium fugit quas soluta. Itaque tempora iure tempora. Sequi occaecati error.,2
317,12,"Hotel Grupo Laureano, Montenegro y Sierra",Callejón Franco 950 Interior 920,56973100087,Vel autem veniam temporibus quos.,4
318,12,Hotel Orozco-Menéndez S.A.,Cerrada Lebrón 723 Interior 102,56920756303,Iste laudantium architecto voluptatibus. Tempora natus a.,5
319,12,"Hotel Grupo Garibay, Ureña y Zamudio",Viaducto Sur Vaca 576 752,56929926215,Incidunt porro dolores id minima repudiandae. Corrupti magni recusandae consequatur cupiditate.,4
320,12,Hotel Dávila-Garay S.C.,Corredor Vanuatu 125 Interior 378,56997850944,Dolor iure optio quaerat porro. Blanditiis numquam officiis cumque dolore.,5
321,12,Hotel Montez-Salinas,Viaducto Nuevo León 398 416,56992139992,Quos asperiores doloremque cum ab vitae fugit. Illum quae laborum alias eveniet harum.,4
322,12,"Hotel Industrias Estrada, Mercado y Aranda",Corredor Lituania 988 Interior 378,56985783559,Labore similique alias quam ut rem saepe nemo.,3
323,12,"Hotel Mena, Suárez y Ayala",Peatonal Norte Cardona 655 Interior 497,56953484422,Iste asperiores qui veritatis id labore fugiat.,1
324,12,Hotel Montez-Tejada S.A. de C.V.,Callejón Norte Cordero 046 Interior 750,56974439829,Qui illo explicabo impedit molestiae non provident. Animi id eum cumque. Porro dignissimos asperiores explicabo corporis incidunt assumenda.,3
325,13,Hotel Sierra-Samaniego S.A.,Periférico Distrito Federal 189 577,56903710096,Necessitatibus doloribus quibusdam distinctio omnis. Cum soluta dolorum quidem libero suscipit.,5
326,13,"Hotel Grupo Tejada, Fajardo y Rosas","Boulevard Sur Collado 128 Edif. 964 , Depto. 424",56905871941,Maxime consequuntur rem id. Laborum vitae commodi magni inventore. Doloremque suscipit quibusdam aspernatur fugiat dolorum.,3
327,13,Hotel Industrias Zayas y Aguilar,"Diagonal Kuwait 456 Edif. 420 , Depto. 623",56941315189,Fugiat minima maiores deserunt unde. Consectetur illum possimus tempore deleniti facere. Sit reiciendis omnis. Repudiandae ratione blanditiis aliquam.,4
328,13,Hotel Laboratorios Echeverría y Sarabia,Boulevard Norte Lara 628 Interior 675,56918615770,Autem dolor officiis molestias soluta. Voluptate debitis molestias nulla nesciunt ipsa at.,3
329,13,Hotel Madrigal S.A.,Viaducto Papua Nueva Guinea 452 Interior 022,56967135117,Ut ullam nisi aut. Labore non nesciunt ullam magnam impedit. Quae eum voluptas debitis quidem cumque ex.,4
330,13,Hotel Laboratorios Ornelas y Ávila,Ampliación Sotelo 272 411,56991823693,Qui ipsam consequatur. Ullam libero consequuntur similique culpa rerum amet.,2
331,13,Hotel Laboratorios Mares y Narváez,Viaducto Sur Marroquín 311 Interior 100,56970255243,Quia enim soluta laborum. Minus ipsam consectetur accusantium. Recusandae expedita laboriosam totam dolor.,2
332,13,Hotel Granados-Gamboa,Callejón Ucrania 720 Interior 494,56926263887,Adipisci dolorum eligendi optio. Hic quasi nihil cum molestias esse nam. Unde voluptate magni quae.,4
333,13,Hotel Zambrano y Morales A.C.,Privada Hidalgo 710 486,56965310879,Quo expedita exercitationem veniam rem asperiores. Repudiandae quae exercitationem quaerat. Veniam molestiae odit.,5
334,13,Hotel Benavides S.A.,Periférico Norte Razo 198 Interior 479,56903437605,Eos praesentium vel quod fuga inventore at commodi.,4
335,13,"Hotel Corporacin Nieves, Franco y Carreón",Continuación Hidalgo 206 857,56993888310,Earum tempore ducimus. Saepe nulla tempora itaque.,5
336,13,"Hotel Laboratorios Marín, Zaragoza y Samaniego",Privada Sur Dueñas 202 094,56970290161,Iste incidunt ut architecto magnam. Nisi ratione odio minus facere eius dolore. Ipsam doloremque pariatur accusamus quam.,5
337,13,"Hotel Proyectos Candelaria, Olivárez y Fernández",Boulevard Arellano 572 211,56915593261,Alias distinctio iste magnam. Accusamus vitae a assumenda veniam.,1
338,13,Hotel Beltrán e Hijos,"Prolongación Sur Contreras 882 Edif. 415 , Depto. 895",56937097320,Molestiae officia magnam quo voluptatum pariatur. Necessitatibus natus veritatis vitae.,5
339,13,"Hotel Laboratorios Echeverría, Portillo y Crespo",Diagonal Longoria 444 Interior 450,56914767299,Sunt rem corrupti cumque modi nihil nemo. Quia reprehenderit quas odio dolores libero inventore corporis. Ipsa suscipit voluptas.,3
340,13,Hotel Meléndez-Quezada,Viaducto Robledo 884 817,56949430441,Vero nostrum qui veritatis tenetur reiciendis id. Quos ipsum non ad molestias dolorum. Molestiae blanditiis repellat doloribus officiis fuga laudantium.,2
341,13,"Hotel Industrias Iglesias, Barreto y Ballesteros","Circuito Sur Vigil 202 Edif. 303 , Depto. 872",56908229139,Officia iste pariatur occaecati repudiandae dicta optio aut. Doloremque alias expedita vitae nam.,3
342,13,Hotel Espinal-Mares S.A.,Avenida Norte Almaraz 471 070,56965295235,Dignissimos ab cumque. Hic quas eum ratione ipsa quos. Unde quaerat necessitatibus dolorem ea.,4
343,13,"Hotel Partida, Navarro y Santillán","Peatonal Yucatán 424 Edif. 346 , Depto. 911",56927121290,Beatae vel voluptate voluptate maxime incidunt molestias. Ab quae saepe blanditiis.,2
344,13,"Hotel Meza, Caballero y Caldera","Periférico Sur Esparza 011 Edif. 667 , Depto. 784",56927390190,Aliquam optio cupiditate nihil veniam. Vitae id facilis inventore nobis alias non dolorem. Ex eum autem amet est modi.,3
345,13,Hotel Esquivel-Casares,Corredor Mónaco 374 778,56962329249,Vitae fuga natus debitis repellat. Ipsam odit nihil ab porro incidunt aliquam. At non quis fugiat dignissimos explicabo eligendi.,5
346,13,Hotel Vera-Escalante S.A.,Ampliación Enríquez 778 Interior 234,56915449105,Eaque ratione reprehenderit veniam doloribus. Rerum repellat placeat occaecati non eligendi.,1
348,13,Hotel Industrias Serrano y Mata,"Eje vial Norte Navarro 799 Edif. 857 , Depto. 480",56970232822,Doloribus maxime minus sit in debitis dignissimos. Distinctio commodi ullam iusto similique. Quisquam atque at adipisci porro.,2
347,13,Hotel Zayas y Caballero S.A.,"Continuación Campeche 038 Edif. 093 , Depto. 969",56920560792,Quaerat dignissimos eum sapiente dolorem. Consequuntur provident enim. Reprehenderit harum tenetur voluptatem ipsa quae totam.,4
349,13,Hotel Guzmán S.C.,Periférico Montaño 338 995,56943463535,Ut sint fugiat. Deleniti corporis ea beatae tempore expedita labore sit. Magnam iusto animi quos recusandae deleniti hic voluptatibus.,4
350,14,Hotel Barajas-Lugo,Peatonal México 873 Interior 938,56967359276,Accusantium iusto repellat tempora magnam.,2
351,14,Hotel Velasco S.A. de C.V.,Andador Norte Alcaraz 897 Interior 858,56924780425,Cumque qui dolor quisquam facilis expedita nesciunt. Eligendi sapiente iste itaque quibusdam in vitae. Facilis aliquid ut aperiam saepe fugit eius tempore.,3
352,14,Hotel Benavídez-Serrano,Boulevard Arriaga 042 305,56966750521,Sunt fuga veritatis repellendus. Exercitationem eligendi nisi molestias neque.,1
353,14,Hotel Cardenas S.C.,Pasaje Norte Arenas 640 898,56910107614,Impedit reiciendis perferendis sit maiores dolorum sapiente maiores. Quaerat voluptates tempora aperiam deleniti. Vel incidunt inventore distinctio tenetur quis.,2
354,14,Hotel Mota y Barrera A.C.,"Corredor Rendón 251 Edif. 721 , Depto. 664",56927433223,Possimus neque sapiente numquam. Quam nesciunt dolore hic adipisci totam perferendis. Tenetur aliquam occaecati fugiat.,2
355,14,Hotel Pérez-Villagómez e Hijos,"Callejón Norte Campos 511 Edif. 221 , Depto. 947",56923853301,Qui ut quis optio hic sit a. Blanditiis quas accusamus officia cupiditate.,2
356,14,Hotel Corporacin Irizarry-Valenzuela,Calle Sur Carrasco 042 Interior 999,56997552452,Molestiae repellendus quibusdam eum sit. Hic aspernatur magni aperiam error ducimus aspernatur. Quas natus illo incidunt.,5
357,14,"Hotel Orosco, Hurtado y Oquendo","Boulevard Rentería 723 Edif. 078 , Depto. 420",56911296949,Autem iusto porro nobis reiciendis possimus debitis. Laboriosam error recusandae consequatur quidem id.,5
358,14,Hotel Meza e Hijos,Continuación Zacatecas 592 Interior 343,56964283423,Ipsum ut eum magnam voluptatibus. Excepturi magni minus. Qui rem ipsam sunt maiores magni.,3
359,14,Hotel Grupo Hurtado-Irizarry,Calzada Croacia 723 Interior 824,56924535552,Suscipit ipsam quasi natus excepturi sit minima. Ipsam repellendus mollitia. Magnam ratione aut iure saepe a. Minima aliquid blanditiis debitis minus aliquam.,2
360,14,Hotel Cadena-Espinal S.C.,"Circunvalación Rodarte 170 Edif. 987 , Depto. 160",56990311038,Ut magni quam adipisci ex numquam modi. Perferendis quo possimus consequuntur neque veritatis quam. Veniam natus voluptas.,1
361,14,Hotel Cadena-Vega y Asociados,"Calle Distrito Federal 886 Edif. 467 , Depto. 183",56965229796,Velit similique asperiores illum itaque occaecati. Ipsa debitis ullam voluptatibus non provident porro. Blanditiis quidem ex voluptas nisi quam.,5
362,14,Hotel Velásquez-Ceballos A.C.,"Peatonal Nayarit 397 Edif. 042 , Depto. 019",56965696690,Modi distinctio ducimus ducimus. Rerum error excepturi. Cupiditate debitis laborum ipsum.,4
363,14,Hotel Chacón A.C.,Eje vial Belarús 872 554,56948064489,Quae accusamus explicabo in ut deserunt odit distinctio.,4
364,14,Hotel Carrasco y Segura e Hijos,Avenida Ulibarri 378 Interior 600,56956376645,Est minima eveniet totam.,5
365,14,Hotel Orosco y Cardenas y Asociados,"Boulevard Hernández 825 Edif. 015 , Depto. 316",56946242004,Consequuntur veritatis quaerat repellat. Ipsam modi repellat ducimus. Iste aut quae maiores aut quasi possimus. Iste nam corrupti.,2
366,14,Hotel Robledo S.A.,Eje vial Sonora 423 Interior 154,56938933628,Laudantium quia quam sint labore necessitatibus. Ipsum illum harum beatae. Rerum qui incidunt omnis.,3
367,14,Hotel Zambrano-Villarreal e Hijos,"Periférico Sevilla 117 Edif. 651 , Depto. 630",56942224833,Inventore minus mollitia modi iure quia consequatur. Quas sequi natus assumenda dolore nemo quae. Nihil perferendis omnis.,2
368,14,Hotel Alemán-Rivera,"Prolongación Sur Aguilar 401 Edif. 240 , Depto. 331",56995440116,Nihil beatae asperiores quia dolorem ullam laudantium. Fugiat eveniet accusantium tenetur.,3
369,14,Hotel Laboratorios Trujillo-Terán,"Privada Jalisco 591 Edif. 213 , Depto. 104",56960973429,Vitae error placeat nostrum. Consequatur vel nulla aspernatur. Occaecati earum molestiae possimus unde facere nostrum.,2
370,14,Hotel Corporacin Samaniego y Ulloa,"Avenida Norte Roybal 619 Edif. 996 , Depto. 657",56973461380,Nisi ratione suscipit nesciunt labore corporis. Dolorum ipsam vitae veniam. Error placeat in quisquam natus omnis architecto.,4
371,14,"Hotel Chávez, Toro y Ontiveros","Privada San Luis Potosí 151 Edif. 843 , Depto. 413",56934054183,Pariatur aspernatur voluptate ullam nobis nostrum esse.,3
372,14,Hotel Aranda y Vela A.C.,Callejón Norte Miranda 837 Interior 637,56908464121,Quisquam id praesentium cum explicabo perspiciatis eveniet laboriosam. Repudiandae sint magnam ut provident rem.,1
373,14,Hotel Monroy-Rojas,Privada Papua Nueva Guinea 671 Interior 039,56985679506,Numquam fuga modi voluptatum blanditiis officia. Ipsa eligendi ipsam unde facere quo nulla.,1
374,14,Hotel Gastélum-Espinal A.C.,Eje vial Colunga 617 721,56900083667,Impedit delectus ea atque nihil magni quos. Neque libero neque molestias.,4
375,15,"Hotel Despacho Altamirano, Adame y Zapata",Continuación Estonia 321 Interior 529,56982015780,Pariatur aspernatur delectus voluptatibus rem.,4
376,15,"Hotel Laboratorios Ocasio, Sevilla y Griego",Calle Swazilandia 615 Interior 499,56993198332,Rerum excepturi recusandae ducimus itaque alias. Quibusdam distinctio nam eum pariatur dolore.,2
377,15,Hotel Peres-Rangel,Continuación Tlaxcala 446 137,56933833716,Assumenda pariatur ipsa. Nam inventore delectus.,2
378,15,Hotel Báez y Jimínez S.A. de C.V.,"Cerrada Longoria 437 Edif. 016 , Depto. 990",56993811200,Voluptate tempore ipsum consequatur dolore ad voluptate laboriosam. Necessitatibus magni dolore. Nam odit dignissimos quaerat magni. Recusandae impedit doloremque voluptatum ipsam accusantium.,3
379,15,Hotel López y Cornejo A.C.,"Retorno Togo 584 Edif. 538 , Depto. 184",56909369982,Earum esse dolores saepe eveniet voluptatum corrupti. Laborum ab atque sit similique.,4
380,15,Hotel Méndez-Santiago A.C.,"Andador Nayarit 652 Edif. 224 , Depto. 964",56942221571,Impedit ipsum quos adipisci voluptas. Quibusdam laboriosam labore eos illum. Veniam laboriosam suscipit ullam sed placeat vero. Quia consequuntur sint culpa omnis.,4
381,15,"Hotel Laboratorios Reséndez, Archuleta y Narváez",Calzada Myanmar 887 075,56944197925,Vel quas quis cumque numquam. Molestiae velit nesciunt voluptatum.,5
382,15,Hotel Marroquín-Padrón A.C.,Corredor Tlaxcala 784 809,56996787644,Quo itaque esse distinctio tempora voluptas voluptatibus quam. Fugit nam dolore minus rem cumque distinctio. Earum sit cupiditate sit.,3
383,15,Hotel Grupo Valenzuela y Zayas,Ampliación Sur Romero 071 501,56917681426,Assumenda cum deleniti. Molestias quam incidunt nemo modi. Nobis harum aspernatur. Minus quam odit placeat architecto veritatis dolorum.,2
384,15,Hotel Bustos-Díaz,"Privada Prieto 364 Edif. 203 , Depto. 262",56954320160,Rerum sapiente amet culpa vitae nisi eos dicta. Neque sequi autem animi voluptatibus.,1
385,15,"Hotel Proyectos Cruz, Canales y Tovar",Circunvalación Rwanda 452 Interior 007,56962971001,A sapiente corporis. Officia numquam in saepe doloribus quo.,3
386,15,Hotel Pantoja-Lucio A.C.,"Boulevard Collazo 124 Edif. 389 , Depto. 127",56901834110,Odio iure fuga perspiciatis. Modi accusamus debitis nostrum. Officia saepe impedit voluptates saepe esse sit modi.,2
387,15,Hotel Puente-Sierra,"Prolongación Solorzano 847 Edif. 761 , Depto. 455",56978967323,Tempore ad amet quisquam. Perferendis quaerat nam dolorum nobis maiores itaque. Corrupti fugit numquam modi totam at.,2
388,15,Hotel Corona-Medina y Asociados,"Pasaje Sur Herrera 702 Edif. 575 , Depto. 997",56982457902,Libero tempora deserunt. Suscipit eligendi quos voluptas mollitia eum facilis. Illum voluptate itaque aut.,4
389,15,Hotel Proyectos Garica y Carranza,Circuito Serbia 732 516,56917472720,Voluptatum adipisci dolor doloremque dolor quisquam natus. Corporis voluptatum minima cumque error nostrum.,2
390,15,Hotel Corporacin Tórrez-Barela,Circunvalación Hidalgo 071 Interior 493,56917765166,Quia corporis qui ea dolorum. Soluta occaecati possimus voluptates.,2
391,15,Hotel Pichardo S.A.,Circunvalación Distrito Federal 912 Interior 770,56995487749,Architecto autem cupiditate recusandae. Labore cumque ab sed facilis cupiditate illo.,3
392,15,Hotel Orellana-Terrazas S.C.,Prolongación Vela 220 745,56981624912,Fuga sed inventore ipsum incidunt odio molestias. Iusto mollitia explicabo doloribus. Facere quibusdam tempore velit.,4
393,15,Hotel Puga-Ornelas S.A. de C.V.,Avenida Sur Ojeda 754 Interior 855,56946104296,Aliquid reprehenderit odio labore eius. Omnis atque facilis nostrum aut. Quisquam ad magni doloremque quo cum perferendis laudantium.,2
394,15,Hotel Laboratorios Santillán y Concepción,Circuito Baja California 103 Interior 959,56960199128,Quam voluptatum deleniti sint dicta. Qui distinctio sint eum exercitationem.,4
395,15,"Hotel Leyva, del Río y Sanches",Diagonal Alemán 331 460,56912657664,Provident expedita neque reprehenderit cumque in eaque. Explicabo cupiditate quasi recusandae ipsam porro id.,5
396,15,Hotel Suárez y Caraballo e Hijos,"Viaducto República Árabe Siria 507 Edif. 585 , Depto. 871",56909787856,Iusto doloremque blanditiis excepturi harum voluptatibus dolorum. Voluptates nihil perspiciatis possimus. Amet et molestias alias dolore eligendi optio.,2
397,15,Hotel Patiño y Asociados,"Calzada Tabasco 752 Edif. 394 , Depto. 420",56975398658,Enim eveniet laboriosam earum tempore facilis. Eaque ex eaque magnam provident molestias. Fugiat tempora id.,4
398,15,"Hotel Industrias Cintrón, Díaz y Mora",Calzada Norte Olvera 365 151,56955846843,Quod esse ab delectus error dignissimos quod.,4
399,15,Hotel Ojeda-Tórrez y Asociados,Calzada Yucatán 077 Interior 566,56939873837,Rem architecto a sequi maxime veniam inventore alias. Delectus temporibus commodi libero qui tenetur quos. Fugiat numquam beatae laudantium.,5
